Code;Name;Beschreibung;End-of-Life
TECH.LYYD;North Broad Street Historic District;Optio debitis quaerat deserunt.;08.12.2020
TECH.HVNV;Peoples Park;Voluptas maiores exercitationem omnis.;07.06.2017
TECH.QYGZ;Fort Mason Historic District;Sed tempora est.;13.05.2018
TECH.XSOS;Whitesburg Park;Molestias nesciunt non temporibus.;27.10.2019
TECH.OJHJ;Frangipani Park;Alias sapiente consectetur.;10.12.2019
TECH.BKLZ;Jefferson Park;Enim velit hic.;26.01.2022
TECH.IOCM;Tenkiller Wildlife Managment Area;Nulla consectetur corrupti.;14.05.2015
TECH.SWZX;Downing Park;Alias et voluptas debitis.;24.02.2017
TECH.RDPE;Mark Twain Park;Id est doloribus et.;11.05.2020
TECH.AOKL;Pine Cliff Recreation Area;Perspiciatis ab sequi quisquam.;07.03.2019
TECH.MAXL;Aniakchak National Preserve;Eligendi sunt vitae doloremque.;14.04.2018
TECH.HNGF;Bluemont Historic District;Qui dolores sit ea.;07.11.2021
TECH.DDAH;Pass Valley Park;Omnis sit sapiente voluptatem.;12.10.2016
TECH.IDRZ;Benninghofen Playground;Quo atque a sit.;09.08.2016
TECH.UIZR;Lanyon Park;Illo hic autem.;07.04.2019
TECH.OMPE;East Park;Corrupti iure sed.;08.04.2016
TECH.WOJI;Gallagher Flat State Wildlife Recreation Area;Temporibus non vero.;06.03.2021
TECH.VGMO;Pheasant Run Park;Doloribus quas aut.;07.09.2016
TECH.MXMY;Lovit Hires Park;Similique at id.;26.02.2016
TECH.FDLA;Cabrillo Park;Praesentium veritatis et.;11.07.2015
TECH.YNEU;Daniel Boone Homestead;Voluptatibus numquam dolor exercitationem.;20.02.2023
TECH.JBPD;Owens Park;Qui explicabo aut molestias.;03.07.2019
TECH.JNOX;Rum Village Park;Totam voluptatem omnis voluptatibus.;12.10.2015
TECH.IHHT;Rushden Hall;A non voluptas.;21.11.2019
TECH.HARD;Yale Park;Quia et minima.;23.02.2023
TECH.RZCI;Howard Fowles Park;Libero rem ducimus vero.;18.02.2023
TECH.QCYS;Réserve de Wonga Wongué;Sapiente rerum id dolor.;19.03.2020
TECH.FBDD;Trinity Gardens Park;Error et et praesentium.;12.08.2021
TECH.LIPP;Johnson/Noel Buckeye Area;Ipsum ab deserunt possimus.;22.10.2022
TECH.TEBA;Heritage Statue;Expedita unde omnis.;08.03.2022
