TECH.IYIN;Thornwell-Presbyterian College Historic District;Impedit ratione distinctio qui.;15.02.2022
TECH.IBJC;Smith Park;Maiores nisi occaecati.;22.02.2021
TECH.TPYY;Penrose Park;Consequuntur laboriosam rerum.;22.07.2016
TECH.CSKO;Cannon Green;Libero neque rem accusamus.;16.08.2020
TECH.YLSE;Rolling Acres Potholes;In reprehenderit id velit.;11.12.2024
TECH.MQBD;Villa Bombarda;Doloremque totam quo.;01.10.2020
TECH.YMVO;Atcher Park;Maxime quam accusantium.;19.09.2023
TECH.EFDG;Optometric Association Historical Marker;Cum dignissimos et non.;13.07.2020
TECH.ANEZ;Clark Fieldhouse;Occaecati ducimus reprehenderit.;24.09.2019
TECH.KHLR;Sparland State Conservation Area;Non ut nihil sit.;02.03.2016
TECH.SHJB;Henry Allan Gleason Nature Preserve;Enim voluptatem iure non.;06.08.2024
TECH.HSOA;Makgadikgadi National Park;Hic debitis aliquam et.;06.04.2021
TECH.YXCU;Stanton Clay Park;Assumenda qui consectetur velit.;02.11.2021
TECH.BESN;Kiser Lake State Park;Laboriosam nostrum atque itaque.;05.09.2019
TECH.IENJ;Valle Lindo Park;Deserunt facere facilis repudiandae.;21.11.2018
TECH.DXUV;Stulsaft Park;Aut voluptas repellendus.;13.10.2022
TECH.PIVU;Memorial Park;Sunt dolores aliquid.;06.11.2016
TECH.TUVN;Templeton Common Historic District;Maxime optio occaecati.;05.12.2021
TECH.JOKT;Buchannan Park;Numquam odit adipisci.;03.07.2016
TECH.EWJG;Camp Robert C. Webb (historical);Voluptatem et cupiditate.;17.08.2017
TECH.BPYS;Burton Park;Odio dolores unde.;04.02.2015
TECH.JVQP;Greencroft Playground;Ad similique et laudantium.;04.12.2023
TECH.XQPE;Eastside Park;In aliquid quia.;01.08.2021
TECH.LYON;Habu K?en;Sint qui eveniet.;11.04.2024
TECH.QMYL;Bartrum Park;Eos molestiae molestiae.;15.04.2015
TECH.UBQW;Saratoga;Suscipit quis reiciendis.;25.11.2017
TECH.QCQR;Riverside Park;Et architecto et.;25.12.2016
TECH.WAER;McDowell Creek County Park;In iusto fugit.;25.04.2016
TECH.ADYU;Plum Orchard Lake Wildlife Management Area;Assumenda non hic est.;08.05.2022
TECH.NFNK;Musick Park;Dolorum distinctio fugiat.;14.10.2020
